event,time,magnitude,e_magnitude,band,system
AT2017gfo,57982.9814,17.48,0.02,i,AB
AT2017gfo,57982.9902,18.26,0.15,H,AB
AT2017gfo,57982.993,17.46,0.03,r,AB
AT2017gfo,57982.999,18.62,0.05,Ks,AB
AT2017gfo,57983.0,17.83,0.15,J,AB
AT2017gfo,57983.0,17.35,0.02,V,AB
AT2017gfo,57983.0,17.67,0.03,z,AB
AT2017gfo,57983.0014537,17.5,0.2,uvot::white,AB
AT2017gfo,57983.003059500006,17.480130787100002,0.02529849344005,i,AB
AT2017gfo,57983.0037414,17.5902045028,0.02912213500222,z,AB
AT2017gfo,57983.0057,17.41,0.02,g,AB
AT2017gfo,57983.009,17.88,0.03,J,AB
AT2017gfo,57983.0106,17.41,0.04,g,AB
AT2017gfo,57983.011,17.49,0.04,uvot::uvw1,AB
AT2017gfo,57983.0141,17.39,0.02,g,AB
AT2017gfo,57983.0147755,17.1,0.2,uvot::white,AB
AT2017gfo,57983.018251,17.47,0.02,i,AB
AT2017gfo,57983.018251,17.36,0.01,R,AB
AT2017gfo,57983.018251,17.529999999999998,0.02,I,AB
AT2017gfo,57983.018251,17.349999999999998,0.02,V,AB
AT2017gfo,57983.019,17.46,0.01,Y,AB
AT2017gfo,57983.028,17.56,0.04,r,AB
AT2017gfo,57983.029,18.64,0.06,Ks,AB
AT2017gfo,57983.03,18.41,0.15,Ks,AB
AT2017gfo,57983.039,17.82,0.03,J,AB
AT2017gfo,57983.05,17.32,0.07,g,AB
AT2017gfo,57983.05,16.854,0.1,z,AB
AT2017gfo,57983.05,16.984,0.05,i,AB
AT2017gfo,57983.05,17.14,0.08,r,AB
AT2017gfo,57983.059,18.42,0.04,Ks,AB
AT2017gfo,57983.059977,17.51,0.02,i,AB
AT2017gfo,57983.059977,17.57,0.02,I,AB
AT2017gfo,57983.059977,17.34,0.01,r,AB
AT2017gfo,57983.059977,17.380000000000003,0.01,R,AB
AT2017gfo,57983.059977,17.37,0.02,V,AB
AT2017gfo,57983.16719907407,18.2024703,0.0893445,U,AB
AT2017gfo,57983.229,17.4,0.01,z,AB
AT2017gfo,57983.23125,17.26,0.06,z,AB
AT2017gfo,57983.23125,17.24,0.06,i,AB
AT2017gfo,57983.23125,17.38,0.1,y,AB
AT2017gfo,57983.2319907,17.28,0.13,y,AB
AT2017gfo,57983.382,17.31,0.04,uvot::uvw1,AB
AT2017gfo,57983.38678241,17.42,0.05,i,AB
AT2017gfo,57983.401,17.28,0.12,g,AB
AT2017gfo,57983.405,17.2,0.02,r,AB
AT2017gfo,57983.41925926,17.32,0.07,r,AB
AT2017gfo,57983.42064815,17.46,0.08,g,AB
AT2017gfo,57983.509444444455,18.9034076,0.1656082,U,AB
AT2017gfo,57983.54987027,17.14,0.13,i,AB
AT2017gfo,57983.57148148147,18.980041,0.1623712,U,AB
AT2017gfo,57983.5943784,17.48,0.07,i,AB
AT2017gfo,57983.62518802,17.58,0.09,i,AB
AT2017gfo,57983.699,17.51,0.03,J,AB
AT2017gfo,57983.699,17.64,0.04,H,AB
AT2017gfo,57983.699,17.91,0.05,Ks,AB
AT2017gfo,57983.7171134,17.3,0.2,uvot::white,AB
AT2017gfo,57983.718519,17.58,0.1,I,AB
AT2017gfo,57983.718519,17.81,0.04,V,AB
AT2017gfo,57983.718519,18.47,0.11,B,AB
AT2017gfo,57983.718519,17.65,0.05,R,AB
AT2017gfo,57983.7264884,17.0,0.2,R,AB
AT2017gfo,57983.733,17.95,0.04,uvot::uvw1,AB
AT2017gfo,57983.7360602,18.1,0.1,B,AB
AT2017gfo,57983.741,17.75,0.02,r,AB
AT2017gfo,57983.745,18.05,0.12,g,AB
AT2017gfo,57983.75833,17.89,0.03,r,AB
AT2017gfo,57983.964,18.22,0.08,V,AB
AT2017gfo,57983.968,18.23,0.04,uvot::uvw1,AB
AT2017gfo,57983.968,18.431,0.057,g,AB
AT2017gfo,57983.9687,18.16,0.05,V,AB
AT2017gfo,57983.96875,17.64,0.08,H,AB
AT2017gfo,57983.96875,17.72,0.03,z,AB
AT2017gfo,57983.96875,17.99,0.01,r,AB
AT2017gfo,57983.96875,18.49,0.04,g,AB
AT2017gfo,57983.96875,17.85,0.05,i,AB
AT2017gfo,57983.96875,17.58,0.07,J,AB
AT2017gfo,57983.96875,17.85,0.15,K,AB
AT2017gfo,57983.969,17.69,0.02,r,AB
AT2017gfo,57983.9701,18.13,0.08,V,AB
AT2017gfo,57983.972,17.88,0.1,i,AB
AT2017gfo,57983.9737,18.507,0.039,g,AB
AT2017gfo,57983.9748,18.481,0.037,g,AB
AT2017gfo,57983.9759,18.615,0.043,g,AB
AT2017gfo,57983.976,17.98,0.08,r,AB
AT2017gfo,57983.9763507,17.3152541007,0.0256595401046099,Y,AB
AT2017gfo,57983.9768,17.62,0.06,z,AB
AT2017gfo,57983.9770265,17.592973982,0.02197152849233,z,AB
AT2017gfo,57983.9771,17.925,0.022,r,AB
AT2017gfo,57983.97771490001,17.7848867885,0.02151655145699,i,AB
AT2017gfo,57983.9782,17.966,0.024,r,AB
AT2017gfo,57983.97839990001,18.0406133217,0.02397789513454,r,AB
AT2017gfo,57983.9784,17.61,0.06,z,AB
AT2017gfo,57983.979,17.61,0.06,z,AB
AT2017gfo,57983.9790744,18.6643835894,0.02786234183509,g,AB
AT2017gfo,57983.9792,17.937,0.024,r,AB
AT2017gfo,57983.9797554,19.939139444,0.0548237969632,u,AB
AT2017gfo,57983.9798,17.77,0.03,i,AB
AT2017gfo,57983.98,17.611,0.098,z,AB
AT2017gfo,57983.98,17.664,0.064,I,AB
AT2017gfo,57983.98,18.61,0.14,g,AB
AT2017gfo,57983.98,17.675,0.134,r,AB
AT2017gfo,57983.9804,17.743,0.029,i,AB
AT2017gfo,57983.9806,17.91,0.03,r,AB
AT2017gfo,57983.981,17.61,0.04,Ks,AB
AT2017gfo,57983.9813,17.47,0.01,J,AB
AT2017gfo,57983.9814,18.61,0.03,g,AB
AT2017gfo,57983.9815,17.803,0.025,i,AB
AT2017gfo,57983.9826,17.809,0.026,i,AB
AT2017gfo,57983.9829,19.04,0.06,B,AB
AT2017gfo,57983.984,18.582,0.031,g,AB
AT2017gfo,57983.9843,19.04,0.07,B,AB
AT2017gfo,57983.9851,18.547,0.03,g,AB
AT2017gfo,57983.9862,18.607,0.038,g,AB
AT2017gfo,57983.9874,17.946,0.02,r,AB
AT2017gfo,57983.9875,18.66,0.03,g,AB
AT2017gfo,57983.9885,17.983,0.024,r,AB
AT2017gfo,57983.988519,18.28,0.04,V,AB
AT2017gfo,57983.988519,17.94,0.05,R,AB
AT2017gfo,57983.988519,17.77,0.09,I,AB
AT2017gfo,57983.988519,19.09,0.11,B,AB
AT2017gfo,57983.989,17.77,0.02,Ks,AB
AT2017gfo,57983.989,17.45,0.01,J,AB
AT2017gfo,57983.9895,17.987,0.026,r,AB
AT2017gfo,57983.9902,17.52,0.01,H,AB
AT2017gfo,57983.9908,17.776,0.021,i,AB
AT2017gfo,57983.991,18.0,0.06,r,AB
AT2017gfo,57983.991397,18.2,0.01,V,AB
AT2017gfo,57983.991397,17.880000000000003,0.01,R,AB
AT2017gfo,57983.991397,17.92,0.01,r,AB
AT2017gfo,57983.991397,18.64,0.02,g,AB
AT2017gfo,57983.991397,17.78,0.02,i,AB
AT2017gfo,57983.9918,17.793,0.024,i,AB
AT2017gfo,57983.9929,17.795,0.025,i,AB
AT2017gfo,57983.9942,18.653,0.034,g,AB
AT2017gfo,57983.9948,18.22,0.04,V,AB
AT2017gfo,57983.9953,18.604,0.038,g,AB
AT2017gfo,57983.9963,18.632,0.037,g,AB
AT2017gfo,57983.9975,18.025,0.026,r,AB
AT2017gfo,57983.9986,18.017,0.023,r,AB
AT2017gfo,57983.999,17.23,0.01,Y,AB
AT2017gfo,57983.9997,18.041,0.022,r,AB
AT2017gfo,57984.0,17.951,0.02,r,AB
AT2017gfo,57984.0,17.654,0.07,z,AB
AT2017gfo,57984.000219907415,17.630000000000006,0.1,H,AB
AT2017gfo,57984.0009,17.743,0.024,i,AB
AT2017gfo,57984.002,17.856,0.028,i,AB
AT2017gfo,57984.0031,17.847,0.025,i,AB
AT2017gfo,57984.0043,18.693,0.036,g,AB
AT2017gfo,57984.0054,18.666,0.03,g,AB
AT2017gfo,57984.0065,18.623,0.036,g,AB
AT2017gfo,57984.0077,18.008,0.02,r,AB
AT2017gfo,57984.0088,18.008,0.023,r,AB
AT2017gfo,57984.0099,18.069,0.027,r,AB
AT2017gfo,57984.01,18.29,0.06,r,AB
AT2017gfo,57984.0105,18.14,0.04,V,AB
AT2017gfo,57984.011,17.825,0.033,i,AB
AT2017gfo,57984.0118,18.16,0.06,V,AB
AT2017gfo,57984.0121,17.772,0.025,i,AB
AT2017gfo,57984.0129,18.18,0.04,V,AB
AT2017gfo,57984.0132,17.866,0.032,i,AB
AT2017gfo,57984.0145,18.683,0.035,g,AB
AT2017gfo,57984.0156,18.667,0.038,g,AB
AT2017gfo,57984.0166,18.568,0.03,g,AB
AT2017gfo,57984.0178,18.029,0.024,r,AB
AT2017gfo,57984.0189,18.053,0.03,r,AB
AT2017gfo,57984.02,18.041,0.022,r,AB
AT2017gfo,57984.0212,17.831,0.029,i,AB
AT2017gfo,57984.0223,17.898,0.031,i,AB
AT2017gfo,57984.0233,17.88,0.033,i,AB
AT2017gfo,57984.0342,19.07,0.04,B,AB
AT2017gfo,57984.0438,17.8,0.02,i,AB
AT2017gfo,57984.0461,18.25,0.06,V,AB
AT2017gfo,57984.0471,18.18,0.1,V,AB
AT2017gfo,57984.0472,17.98,0.02,r,AB
AT2017gfo,57984.0481,20.11,0.23,U,AB
AT2017gfo,57984.04811,20.25,0.29,U,AB
AT2017gfo,57984.052,20.21,0.28,U,AB
AT2017gfo,57984.0548,18.49,0.12,g,AB
AT2017gfo,57984.0559,20.1,0.28,U,AB
AT2017gfo,57984.229,17.74,0.01,z,AB
AT2017gfo,57984.23125,17.78,0.07,z,AB
AT2017gfo,57984.23125,17.58,0.11,y,AB
AT2017gfo,57984.23125,17.87,0.06,i,AB
AT2017gfo,57984.309,18.19,0.06,i,AB
AT2017gfo,57984.309,18.26,0.04,r,AB
AT2017gfo,57984.309,18.8,0.07,g,AB
AT2017gfo,57984.357,18.69,0.05,uvot::uvw1,AB
AT2017gfo,57984.358519,20.1,0.12,B,AB
AT2017gfo,57984.358519,18.79,0.05,V,AB
AT2017gfo,57984.361,18.07,0.13,i,AB
AT2017gfo,57984.365,18.34,0.11,r,AB
AT2017gfo,57984.368519,17.98,0.09,I,AB
AT2017gfo,57984.368519,18.34,0.05,R,AB
AT2017gfo,57984.369,19.28,0.17,g,AB
AT2017gfo,57984.37936343,17.96,0.07,i,AB
AT2017gfo,57984.39232639,18.18,0.08,i,AB
AT2017gfo,57984.45625,18.46,0.17,r,AB
AT2017gfo,57984.699,17.52,0.04,H,AB
AT2017gfo,57984.699,17.69,0.04,J,AB
AT2017gfo,57984.699,17.61,0.04,Ks,AB
AT2017gfo,57984.717044,18.4,0.2,uvot::white,AB
AT2017gfo,57984.718519,19.25,0.05,V,AB
AT2017gfo,57984.718519,20.45,0.09,B,AB
AT2017gfo,57984.718519,18.59,0.05,R,AB
AT2017gfo,57984.718519,18.26,0.12,I,AB
AT2017gfo,57984.738,18.92,0.1,r,AB
AT2017gfo,57984.741,18.9,0.11,r,AB
AT2017gfo,57984.745,18.33,0.12,i,AB
AT2017gfo,57984.748,18.26,0.15,i,AB
AT2017gfo,57984.7494167,18.0,0.3,R,AB
AT2017gfo,57984.751,19.08,0.07,V,AB
AT2017gfo,57984.751,18.25,0.3,z,AB
AT2017gfo,57984.758,19.93,0.21,g,AB
AT2017gfo,57984.758,19.11,0.06,uvot::uvw1,AB
AT2017gfo,57984.761,19.8,0.2,g,AB
AT2017gfo,57984.761,19.11,0.06,uvot::uvw1,AB
AT2017gfo,57984.76111,18.8,0.07,r,AB
AT2017gfo,57984.96,19.178,0.1,r,AB
AT2017gfo,57984.96,20.314,0.282,g,AB
AT2017gfo,57984.96,18.354,0.105,I,AB
AT2017gfo,57984.962,17.55,0.06,Ks,AB
AT2017gfo,57984.9625,17.55,0.01,J,AB
AT2017gfo,57984.96775462963,17.71,0.09,H,AB
AT2017gfo,57984.968,19.1,0.11,r,AB
AT2017gfo,57984.96892,17.64,0.08,H,AB
AT2017gfo,57984.96892,18.33,0.06,z,AB
AT2017gfo,57984.96892,19.13,0.17,r,AB
AT2017gfo,57984.96892,17.73,0.09,J,AB
AT2017gfo,57984.96892,17.66,0.1,K,AB
AT2017gfo,57984.96892,20.19,0.11,g,AB
AT2017gfo,57984.96892,18.58,0.04,i,AB
AT2017gfo,57984.969,18.77,0.04,r,AB
AT2017gfo,57984.9714,19.4,0.11,V,AB
AT2017gfo,57984.9714,17.57,0.01,H,AB
AT2017gfo,57984.9746503,17.771985892,0.0323418323291,Y,AB
AT2017gfo,57984.975,18.61,0.15,i,AB
AT2017gfo,57984.97569,18.1814465669,0.0299411051811,z,AB
AT2017gfo,57984.976,19.34,0.08,r,AB
AT2017gfo,57984.976389,18.3834253954,0.03149113467893,i,AB
AT2017gfo,57984.97707919999,19.0348518723,0.0338112170222,r,AB
AT2017gfo,57984.9777679,20.2091788065,0.0499190807263,g,AB
AT2017gfo,57984.978,18.46,0.1,i,AB
AT2017gfo,57984.978,19.29,0.12,r,AB
AT2017gfo,57984.978519,19.51,0.05,V,AB
AT2017gfo,57984.978519,20.82,0.1,B,AB
AT2017gfo,57984.978519,18.81,0.05,R,AB
AT2017gfo,57984.979,17.67,0.03,Ks,AB
AT2017gfo,57984.97954861,19.12,0.06,r,AB
AT2017gfo,57984.98001819999,22.2605680399,0.159378300537,u,AB
AT2017gfo,57984.9802153,18.8,0.2,uvot::white,AB
AT2017gfo,57984.982,18.19,0.2,z,AB
AT2017gfo,57984.985,18.78,0.03,r,AB
AT2017gfo,57984.985,19.15,0.06,r,AB
AT2017gfo,57984.988,18.37,0.03,i,AB
AT2017gfo,57984.988,19.56,0.07,uvot::uvw1,AB
AT2017gfo,57984.988519,18.4,0.13,I,AB
AT2017gfo,57984.989,17.66,0.02,J,AB
AT2017gfo,57984.99,18.01,0.13,z,AB
AT2017gfo,57984.992,19.48,0.07,uvot::uvw1,AB
AT2017gfo,57984.999,17.51,0.02,Y,AB
AT2017gfo,57985.0,19.51,0.08,V,AB
AT2017gfo,57985.0,18.36,0.02,i,AB
AT2017gfo,57985.002,18.46,0.1,i,AB
AT2017gfo,57985.006,18.45,0.11,i,AB
AT2017gfo,57985.0094,18.93,0.02,r,AB
AT2017gfo,57985.01,19.349999999999998,0.18,V,AB
AT2017gfo,57985.016,19.46,0.06,uvot::uvw1,AB
AT2017gfo,57985.0164,19.53,0.12,V,AB
AT2017gfo,57985.017,20.15,0.33,g,AB
AT2017gfo,57985.018368,18.27,0.04,I,AB
AT2017gfo,57985.018368,18.78,0.03,R,AB
AT2017gfo,57985.019,17.76,0.02,J,AB
AT2017gfo,57985.019,19.36,0.05,uvot::uvw1,AB
AT2017gfo,57985.019,17.6,0.04,Ks,AB
AT2017gfo,57985.0537,19.59,0.2,V,AB
AT2017gfo,57985.23125,18.31,0.07,z,AB
AT2017gfo,57985.23125,18.08,0.11,y,AB
AT2017gfo,57985.23125,18.44,0.09,i,AB
AT2017gfo,57985.357,19.36,0.09,r,AB
AT2017gfo,57985.358519,18.62,0.1,I,AB
AT2017gfo,57985.358519,19.1,0.05,R,AB
AT2017gfo,57985.364,18.53,0.13,i,AB
AT2017gfo,57985.367,18.62,0.14,i,AB
AT2017gfo,57985.377,19.68,0.05,uvot::uvw1,AB
AT2017gfo,57985.381,19.61,0.05,uvot::uvw1,AB
AT2017gfo,57985.38399306,19.34,0.08,r,AB
AT2017gfo,57985.385,19.79,0.2,V,AB
AT2017gfo,57985.38539352,20.43,0.11,g,AB
AT2017gfo,57985.391,18.7,0.18,i,AB
AT2017gfo,57985.395,18.63,0.15,i,AB
AT2017gfo,57985.39703704,19.37,0.09,r,AB
AT2017gfo,57985.3984375,20.21,0.12,g,AB
AT2017gfo,57985.405,19.53,0.07,uvot::uvw1,AB
AT2017gfo,57985.408,19.56,0.08,uvot::uvw1,AB
AT2017gfo,57985.47916667,19.18,0.12,r,AB
AT2017gfo,57985.699,17.55,0.05,Ks,AB
AT2017gfo,57985.699,17.57,0.04,H,AB
AT2017gfo,57985.699,17.78,0.05,J,AB
AT2017gfo,57985.718519,18.73,0.11,I,AB
AT2017gfo,57985.718519,19.3,0.05,R,AB
AT2017gfo,57985.726,19.75,0.12,r,AB
AT2017gfo,57985.733,18.84,0.2,i,AB
AT2017gfo,57985.736,18.76,0.15,i,AB
AT2017gfo,57985.74,18.42,0.34,z,AB
AT2017gfo,57985.743,19.91,0.19,V,AB
AT2017gfo,57985.746,20.13,0.13,uvot::uvw1,AB
AT2017gfo,57985.75,19.99,0.06,uvot::uvw1,AB
AT2017gfo,57985.77639,19.52,0.13,r,AB
AT2017gfo,57985.9687,20.54,0.2,V,AB
AT2017gfo,57985.9728,17.85,0.01,J,AB
AT2017gfo,57985.97302083,20.04,0.08,r,AB
AT2017gfo,57985.97433,19.03,0.01,i,AB
AT2017gfo,57985.97433,17.95,0.07,J,AB
AT2017gfo,57985.97433,19.81,0.02,r,AB
AT2017gfo,57985.97433,18.74,0.02,z,AB
AT2017gfo,57985.97433,17.86,0.1,K,AB
AT2017gfo,57985.97433,21.13,0.16,g,AB
AT2017gfo,57985.97433,17.72,0.07,H,AB
AT2017gfo,57985.978519,19.54,0.06,R,AB
AT2017gfo,57985.978519,18.87,0.11,I,AB
AT2017gfo,57985.979,19.28,0.01,r,AB
AT2017gfo,57985.979,17.54,0.02,Ks,AB
AT2017gfo,57985.982575,18.053540582,0.0348967018550999,Y,AB
AT2017gfo,57985.9836053,18.5613837282,0.0335715603031,z,AB
AT2017gfo,57985.984105,23.0620125727,0.320547847388,u,AB
AT2017gfo,57985.98427180001,18.7253377929,0.0315727125525999,i,AB
AT2017gfo,57985.9849566,19.2904674945,0.0435129039438,r,AB
AT2017gfo,57985.98563919999,20.9284740878,0.082903420644,g,AB
AT2017gfo,57985.989,17.76,0.01,Y,AB
AT2017gfo,57985.989,17.86,0.02,J,AB
AT2017gfo,57985.9893,20.52,0.12,V,AB
AT2017gfo,57985.990193,18.91,0.04,i,AB
AT2017gfo,57985.990193,20.43,0.08,V,AB
AT2017gfo,57985.990193,19.560000000000002,0.04,R,AB
AT2017gfo,57985.990193,19.88,0.05,r,AB
AT2017gfo,57985.990193,18.71,0.04,I,AB
AT2017gfo,57985.9951,21.72,0.13,B,AB
AT2017gfo,57986.0,18.38,0.05,z,AB
AT2017gfo,57986.0013,20.77,0.05,g,AB
AT2017gfo,57986.003,20.18,0.1,r,AB
AT2017gfo,57986.0046,18.92,0.05,i,AB
AT2017gfo,57986.0076,19.82,0.09,r,AB
AT2017gfo,57986.0156,20.55,0.15,V,AB
AT2017gfo,57986.02,19.74,0.02,r,AB
AT2017gfo,57986.02,20.94,0.06,g,AB
AT2017gfo,57986.02,18.3,0.02,z,AB
AT2017gfo,57986.028519,17.69,0.02,H,AB
AT2017gfo,57986.028519,17.94,0.02,J,AB
AT2017gfo,57986.028519,17.62,0.02,Ks,AB
AT2017gfo,57986.029,17.93,0.06,J,AB
AT2017gfo,57986.029,17.61,0.06,Ks,AB
AT2017gfo,57986.029,17.72,0.04,H,AB
AT2017gfo,57986.038519,18.93,0.01,i,AB
AT2017gfo,57986.038519,20.9,0.01,g,AB
AT2017gfo,57986.038519,19.66,0.01,r,AB
AT2017gfo,57986.048519,18.46,0.01,z,AB
AT2017gfo,57986.0531,20.68,0.31,V,AB
AT2017gfo,57986.23556,18.1,0.3,z,AB
AT2017gfo,57986.358519,19.64,0.09,R,AB
AT2017gfo,57986.358519,19.0,0.1,I,AB
AT2017gfo,57986.4944444,19.86,0.21,r,AB
AT2017gfo,57986.709,17.77,0.04,H,AB
AT2017gfo,57986.709,18.13,0.12,J,AB
AT2017gfo,57986.709,17.57,0.07,Ks,AB
AT2017gfo,57986.715,20.3,0.31,r,AB
AT2017gfo,57986.718519,19.23,0.1,I,AB
AT2017gfo,57986.718519,19.94,0.06,R,AB
AT2017gfo,57986.968519,19.22,0.1,I,AB
AT2017gfo,57986.968519,20.12,0.08,R,AB
AT2017gfo,57986.969,20.25,0.28,r,AB
AT2017gfo,57986.97,20.238,0.058,R,AB
AT2017gfo,57986.971,18.08,0.02,Y,AB
AT2017gfo,57986.97337962963,17.92,0.1,H,AB
AT2017gfo,57986.97426,18.17,0.07,J,AB
AT2017gfo,57986.97426,17.53,0.11,K,AB
AT2017gfo,57986.97426,18.02,0.1,H,AB
AT2017gfo,57986.97426,19.07,0.06,z,AB
AT2017gfo,57986.97426,19.51,0.04,i,AB
AT2017gfo,57986.97426,20.53,0.05,r,AB
AT2017gfo,57986.97426,21.58,0.22,g,AB
AT2017gfo,57986.97524169999,18.3533040928,0.0300463285529999,Y,AB
AT2017gfo,57986.9776673,18.8080891149,0.02695136163562,z,AB
AT2017gfo,57986.979,17.6,0.02,Ks,AB
AT2017gfo,57986.98,18.73,0.01,z,AB
AT2017gfo,57986.9800763,19.2227146535,0.02611066364563,i,AB
AT2017gfo,57986.98065972,20.14,0.12,R,AB
AT2017gfo,57986.983,17.83,0.02,H,AB
AT2017gfo,57986.9836909,20.2519395671,0.0485133686263,r,AB
AT2017gfo,57986.9885,19.39,0.04,i,AB
AT2017gfo,57986.989,18.08,0.03,J,AB
AT2017gfo,57986.989,18.07,0.02,Y,AB
AT2017gfo,57986.989,19.86,0.01,r,AB
AT2017gfo,57986.9909464,21.7307173599,0.1115090585738999,g,AB
AT2017gfo,57986.992,20.64,0.09,uvot::uvw1,AB
AT2017gfo,57986.9965,20.58,0.12,r,AB
AT2017gfo,57986.998,18.1,0.02,J,AB
AT2017gfo,57987.0,21.85,0.22,V,AB
AT2017gfo,57987.0,18.927,0.027,z,AB
AT2017gfo,57987.004,20.92,0.12,r,AB
AT2017gfo,57987.0044,21.75,0.1,g,AB
AT2017gfo,57987.01,19.284,0.055,I,AB
AT2017gfo,57987.0192,21.78,0.06,g,AB
AT2017gfo,57987.02,22.729,0.128,B,AB
AT2017gfo,57987.02,21.082,0.054,V,AB
AT2017gfo,57987.0217,22.52,0.14,B,AB
AT2017gfo,57987.035112,19.43,0.04,i,AB
AT2017gfo,57987.035112,19.12,0.04,I,AB
AT2017gfo,57987.035112,18.75,0.08,z,AB
AT2017gfo,57987.039,17.72,0.09,Ks,AB
AT2017gfo,57987.049,18.02,0.07,H,AB
AT2017gfo,57987.049,18.15,0.06,J,AB
AT2017gfo,57987.358,20.69,0.33,r,AB
AT2017gfo,57987.358519,19.52,0.13,I,AB
AT2017gfo,57987.358519,20.33,0.05,R,AB
AT2017gfo,57987.49027778,20.2,0.23,r,AB
AT2017gfo,57987.709,17.68,0.04,Ks,AB
AT2017gfo,57987.709,18.31,0.06,J,AB
AT2017gfo,57987.709,17.94,0.05,H,AB
AT2017gfo,57987.718519,20.64,0.07,R,AB
AT2017gfo,57987.718519,19.68,0.1,I,AB
AT2017gfo,57987.969,20.39,0.03,r,AB
AT2017gfo,57987.9714,19.08,0.12,z,AB
AT2017gfo,57987.974538,18.8331247435,0.1798053608449999,Y,AB
AT2017gfo,57987.9769536,19.1747243524,0.1059647257266,z,AB
AT2017gfo,57987.97936340001,19.5525353246,0.181829810072,i,AB
AT2017gfo,57987.98297999999,20.793940388,0.242455408336,r,AB
AT2017gfo,57987.99,22.507,0.122,g,AB
AT2017gfo,57987.9902378,22.0337508274,0.422551036617,g,AB
AT2017gfo,57988.0,17.84,0.2,H,AB
AT2017gfo,57988.0,18.33,0.1,Y,AB
AT2017gfo,57988.002,20.27,0.12,i,AB
AT2017gfo,57988.02,20.74,0.03,r,AB
AT2017gfo,57988.02,19.16,0.03,z,AB
AT2017gfo,57988.23354,18.95,0.44,y,AB
AT2017gfo,57988.358519,20.95,0.07,R,AB
AT2017gfo,57988.368519,19.99,0.14,I,AB
AT2017gfo,57988.728519,20.31,0.11,I,AB
AT2017gfo,57988.729,18.65,0.19,J,AB
AT2017gfo,57988.729,18.36,0.05,J,AB
AT2017gfo,57988.729,18.6,0.18,H,AB
AT2017gfo,57988.729,18.01,0.1,Ks,AB
AT2017gfo,57988.729,18.12,0.04,H,AB
AT2017gfo,57988.729,17.69,0.03,Ks,AB
AT2017gfo,57988.97,20.329,0.089,i,AB
AT2017gfo,57988.974281300005,19.0624107404,0.306419801087,Y,AB
AT2017gfo,57988.98,21.31,0.075,r,AB
AT2017gfo,57988.98,20.142,0.072,I,AB
AT2017gfo,57988.98,19.627,0.039,z,AB
AT2017gfo,57988.9853815,20.9476144582,0.3524485460559999,r,AB
AT2017gfo,57988.989,17.84,0.03,Ks,AB
AT2017gfo,57988.99624090001,22.0821886958,0.515485013851,g,AB
AT2017gfo,57988.999,18.71,0.04,Y,AB
AT2017gfo,57988.999,18.74,0.04,J,AB
AT2017gfo,57989.0,21.268,0.106,R,AB
AT2017gfo,57989.02,22.361,0.158,V,AB
AT2017gfo,57989.02,23.807,0.251,B,AB
AT2017gfo,57989.23024,19.31,0.43,y,AB
AT2017gfo,57989.2344,20.83,0.09,I,AB
AT2017gfo,57989.368519,20.39,0.12,I,AB
AT2017gfo,57989.699,18.95,0.32,J,AB
AT2017gfo,57989.699,17.95,0.04,Ks,AB
AT2017gfo,57989.699,18.53,0.17,H,AB
AT2017gfo,57989.699,18.02,0.12,Ks,AB
AT2017gfo,57989.699,18.51,0.05,H,AB
AT2017gfo,57989.699,18.98,0.08,J,AB
AT2017gfo,57989.728519,20.89,0.13,I,AB
AT2017gfo,57989.96609953704,18.790000000000006,0.14,H,AB
AT2017gfo,57989.969,18.06,0.17,K,AB
AT2017gfo,57989.9698,19.87,0.07,z,AB
AT2017gfo,57989.9733532,19.4392828251,0.0486636275689,Y,AB
AT2017gfo,57989.979,17.95,0.04,Ks,AB
AT2017gfo,57989.9793923,19.8866873692,0.0483324550366,z,AB
AT2017gfo,57989.9818097,20.5421156049,0.0505708603034,i,AB
AT2017gfo,57989.981846,19.91,0.07,z,AB
AT2017gfo,57989.981846,21.44,0.2,i,AB
AT2017gfo,57989.98317,19.26,0.28,J,AB
AT2017gfo,57989.98317,18.04,0.12,K,AB
AT2017gfo,57989.98317,18.74,0.06,H,AB
AT2017gfo,57989.986635,21.2261086792,0.1073525683611,r,AB
AT2017gfo,57989.989,19.07,0.08,J,AB
AT2017gfo,57989.9897,21.42,0.18,i,AB
AT2017gfo,57989.99,18.99,0.04,J,AB
AT2017gfo,57989.9974806,23.2762307856,0.343197160673,g,AB
AT2017gfo,57989.999,19.24,0.07,Y,AB
AT2017gfo,57990.0302,23.85,0.31,B,AB
AT2017gfo,57990.038519,21.74,0.04,r,AB
AT2017gfo,57990.038519,20.91,0.03,i,AB
AT2017gfo,57990.229,20.21,0.04,z,AB
AT2017gfo,57990.96775,19.64,0.11,J,AB
AT2017gfo,57990.96775,18.35,0.16,K,AB
AT2017gfo,57990.96775,19.26,0.26,H,AB
AT2017gfo,57990.972,20.28,0.03,z,AB
AT2017gfo,57990.972,20.4,0.07,z,AB
AT2017gfo,57990.97316159999,20.0552378993,0.0691266199763999,Y,AB
AT2017gfo,57990.979,18.25,0.03,Ks,AB
AT2017gfo,57990.979,18.44,0.18,K,AB
AT2017gfo,57990.979,19.69,0.09,J,AB
AT2017gfo,57990.98,19.22,0.18,H,AB
AT2017gfo,57990.98282309999,20.3992008192,0.0570039787715,z,AB
AT2017gfo,57990.9876548,20.7238575438,0.057474359032,i,AB
AT2017gfo,57990.989,21.75,0.05,r,AB
AT2017gfo,57990.989,19.67,0.09,Y,AB
AT2017gfo,57990.99,21.133,0.119,I,AB
AT2017gfo,57990.99,20.606,0.092,z,AB
AT2017gfo,57990.997287900005,21.951982115,0.179983800721,r,AB
AT2017gfo,57991.0,22.501,0.24,R,AB
AT2017gfo,57991.0,19.3,0.1,J,AB
AT2017gfo,57991.01,23.152,0.256,V,AB
AT2017gfo,57991.709,18.9,0.09,H,AB
AT2017gfo,57991.709,18.83,0.23,H,AB
AT2017gfo,57991.709,19.32,0.08,J,AB
AT2017gfo,57991.709,18.25,0.21,Ks,AB
AT2017gfo,57991.709,18.34,0.06,Ks,AB
AT2017gfo,57991.959,18.5,0.08,Ks,AB
AT2017gfo,57991.959,20.57,0.2,J,AB
AT2017gfo,57991.959,19.68,0.08,H,AB
AT2017gfo,57991.969,18.43,0.17,K,AB
AT2017gfo,57991.9694,18.46,0.2,K,AB
AT2017gfo,57991.9694,20.23,0.1,J,AB
AT2017gfo,57991.9694,19.66,0.14,H,AB
AT2017gfo,57991.97,19.21,0.05,H,AB
AT2017gfo,57991.974,20.85,0.04,z,AB
AT2017gfo,57991.974218,20.7763902728,0.1055591194571,Y,AB
AT2017gfo,57991.97770833332,19.62,0.15,H,AB
AT2017gfo,57991.979,20.06,0.14,J,AB
AT2017gfo,57991.979,18.49,0.05,Ks,AB
AT2017gfo,57991.989,22.2,0.04,r,AB
AT2017gfo,57991.989,20.09,0.14,Y,AB
AT2017gfo,57991.991,20.69,0.11,z,AB
AT2017gfo,57991.9944411,21.1883773121,0.0697123513511,z,AB
AT2017gfo,57991.99966980001,21.3695098621,0.0565513545459999,i,AB
AT2017gfo,57992.959,18.77,0.07,Ks,AB
AT2017gfo,57992.969,21.33,0.3,J,AB
AT2017gfo,57992.969,18.91,0.19,K,AB
AT2017gfo,57992.969,19.63,0.08,H,AB
AT2017gfo,57992.9746958,21.6704354446,0.206240207261,Y,AB
AT2017gfo,57992.97527,21.02,0.22,J,AB
AT2017gfo,57992.97789351853,18.43,0.25,K,AB
AT2017gfo,57992.979,18.74,0.06,Ks,AB
AT2017gfo,57992.98,22.014,0.214,z,AB
AT2017gfo,57992.98133101853,20.040000000000006,0.15,H,AB
AT2017gfo,57992.984,19.34,0.09,H,AB
AT2017gfo,57992.9867745,22.0612285601,0.128558273522,z,AB
AT2017gfo,57992.989,20.94,0.35,J,AB
AT2017gfo,57992.989,22.45,0.07,r,AB
AT2017gfo,57992.99,22.052,0.289,I,AB
AT2017gfo,57993.0000214,22.3838801057,0.1030049460673999,i,AB
AT2017gfo,57993.01,23.379,0.277,R,AB
AT2017gfo,57993.01,23.761,0.28,V,AB
AT2017gfo,57993.01593,18.71,0.22,K,AB
AT2017gfo,57993.01593,20.17,0.34,H,AB
AT2017gfo,57993.699,19.53,0.21,H,AB
AT2017gfo,57993.699,18.64,0.12,Ks,AB
AT2017gfo,57993.96019,20.05,0.2,H,AB
AT2017gfo,57993.978519,18.99,0.05,Ks,AB
AT2017gfo,57993.979,19.41,0.09,Ks,AB
AT2017gfo,57993.98,22.815,0.471,z,AB
AT2017gfo,57993.98334490741,19.03,0.17,K,AB
AT2017gfo,57993.988519,20.35,0.12,J,AB
AT2017gfo,57993.988519,20.24,0.18,H,AB
AT2017gfo,57993.989,21.16,0.4,J,AB
AT2017gfo,57993.997,19.64,0.14,H,AB
AT2017gfo,57994.0,23.0,0.309,I,AB
AT2017gfo,57994.962,19.36,0.09,Ks,AB
AT2017gfo,57994.969,23.12,0.31,r,AB
AT2017gfo,57994.969,19.44,0.08,Ks,AB
AT2017gfo,57994.97545138888,19.42,0.16,K,AB
AT2017gfo,57994.978519,19.46,0.04,Ks,AB
AT2017gfo,57994.978519,20.57,0.19,H,AB
AT2017gfo,57994.979,20.99,0.21,H,AB
AT2017gfo,57994.985,19.32,0.09,Ks,AB
AT2017gfo,57994.989,19.34,0.08,Ks,AB
AT2017gfo,57995.959,19.84,0.09,Ks,AB
AT2017gfo,57995.96075,19.67,0.14,K,AB
AT2017gfo,57995.969,22.3,0.28,z,AB
AT2017gfo,57995.969733796286,19.63,0.23,K,AB
AT2017gfo,57995.978,19.52,0.09,Ks,AB
AT2017gfo,57995.978519,21.01,0.14,H,AB
AT2017gfo,57995.979,21.48,0.3,H,AB
AT2017gfo,57995.99,19.43,0.09,Ks,AB
AT2017gfo,57996.799,19.35,0.04,Ks,AB
AT2017gfo,57996.959,20.06,0.1,Ks,AB
AT2017gfo,57996.974432870375,19.9,0.21,K,AB
AT2017gfo,57996.978519,19.93,0.03,Ks,AB
AT2017gfo,57996.98,23.342,0.368,z,AB
AT2017gfo,57996.989,20.02,0.13,Ks,AB
AT2017gfo,57996.999,21.63,0.36,H,AB
AT2017gfo,57997.799,19.97,0.05,Ks,AB
AT2017gfo,57997.9697,20.23,0.1,Ks,AB
AT2017gfo,57997.97565972223,20.13,0.25,K,AB
AT2017gfo,57997.978519,20.06,0.05,Ks,AB
AT2017gfo,57997.979,20.43,0.13,Ks,AB
AT2017gfo,57998.97474537037,20.43,0.3,K,AB
AT2017gfo,57998.978519,20.31,0.08,Ks,AB
AT2017gfo,57998.979,20.95,0.18,Ks,AB
AT2017gfo,57999.979,20.77,0.13,Ks,AB
AT2017gfo,58000.008519,20.61,0.09,Ks,AB
AT2017gfo,58000.96,20.81,0.13,Ks,AB
AT2017gfo,58000.96635,20.76,0.35,K,AB
AT2017gfo,58000.97829861112,20.84,0.26,K,AB
AT2017gfo,58000.979,21.04,0.09,Ks,AB
AT2017gfo,58000.99,20.93,0.17,Ks,AB
AT2017gfo,58001.988519,20.85,0.13,Ks,AB
AT2017gfo,58001.989,21.23,0.37,Ks,AB
AT2017gfo,58001.992,23.37,0.48,z,AB
AT2017gfo,58003.969,21.46,0.08,Ks,AB
AT2017gfo,58007.969,22.06,0.22,Ks,AB
